,type,2nd type,3rd type,Source Notes (things to know?),,,Investigated?,
100percentfedup.com,bias,,,,,,,
21stcenturywire.com,conspiracy,,,,21stcenturywire,21stCenturyWire.com,TRUE,
24newsflash.com,fake,,,,24newsflash,Abcnews.com.co,FALSE,
365usanews.com,bias,conspiracy,,,365usanews,ActivistPost.com,FALSE,
4threvolutionarywar.wordpress.com,bias,conspiracy,,,4threvolutionarywar,AddictingInfo,FALSE,
70news.wordpress.com,fake,,,,70news,AmericanNews.com,FALSE,
82.221.129.208,conspiracy,fake,, ,,,,
aanirfan.blogspot.co.uk,unreliable,,,0,aanirfan,AnonNews.co,FALSE,
abcnews.com.co,fake,,,,abcnews,AssociatedMediaCoverage,TRUE,
abcnewsgo.co,fake,,,,abcnewsgo,BeforeItsNews.com,FALSE,
abeldanger.net,conspiracy,,,,abeldanger,BeingLiberal,FALSE,
abovetopsecret.com,conspiracy,rumor,,,abovetopsecret,BigAmericanNews.com,FALSE,
abriluno.com,satire,fake,,,abriluno,BigPZone.com,FALSE,
aceflashman.wordpress.com,satire,,,,aceflashman,BipartisanReport,FALSE,
Acting-Man.com,unreliable,conspiracy,,publishes articles denying climate change,,,,
activistpost.com,conspiracy,,,,activistpost,BizPacReview,TRUE,
addictinginfo.org,clickbait,unreliable,,,addictinginfo,BlueNationReview,TRUE,
adobochronicles.com,satire,,,,adobochronicles,Breitbart,FALSE,
advocate.com,political,reliable,,,,,,
aheadoftheherd.com,bias,,,"false quotes regarding banking, heavily promotes businesses advertising on site/ buying of precious metals",,,,
ahtribune.com,unreliable,bias,,,ahtribune,CalltheCops,FALSE,
allnewspipeline.com,unreliable,conspiracy,,,allnewspipeline,ChristWire.org,FALSE,
Alt-Market.com,conspiracy,bias, ,,,,,
alternativemediasyndicate.com,fake,,,http://alternativemediasyndicate.com/2017/02/02/police-raid-standing-rock-camp-destroy-tipis-burning-remains/,,,,
alternet.org,political,reliable,,,,,,
americanblog.com,unknown,,,domain for sale,,,,
americanfreepress.net,conspiracy,bias,,,,,,
AmericanKabuki.blogspot.com,junksci,,,,,,,
americanlookout.com,bias,clickbait,,,americanlookout,CivicTribune.com,FALSE,
americannews.com,fake,,,,americannews,ClickHole.com,TRUE,
americannewsx.com,political,bias,satire,,,,,
americanoverlook.com,fake,,,,,,,
americanpatriotdaily.com,bias,clickbait,bias,,,,,
americanprogress.org,political,reliable,,,,,,
americanreviewer.com,conspiracy,,,,,,,
americanthinker.com,bias, ,,"sites both reliable/not reliable sources, mix of opinion/'fact'",,,,
americantoday.news,rumor,bias,,,americantoday,CoastToCoastAM.com,FALSE,
americasfreedomfighters.com,bias,clickbait,,,americasfreedomfighters,CollectiveEvolution,FALSE,
AmmoLand.com,bias,,, ,,,,
amplifyingglass.com,clickbait,satire,,,amplifyingglass,ConsciousLifeNews.com,FALSE,
amren.com,hate,conspiracy,,,amren,ConservativeOutfitters.com,FALSE,
amtvmedia.com,rumor,unreliable,,,amtvmedia,ConspiracyWire(WideAwakeAmerica.com),FALSE,
amusmentic.com,clickbait,rumor,,,amusmentic,CountdownToZeroTime.com,FALSE,
ancient-code.com,junksci,unreliable,,,ancient-code,CounterPsyOps.com,FALSE,
angrypatriotmovement.com,conspiracy,,,,,,,
anonews.co,unreliable,,,,anonews,*WebsiteRemoved*(temporarily),FALSE,
anonhq.com,unreliable,,,,anonhq,CreamBMP.com,hiya,
anonnews.co,unreliable,,,,anonnews,DailyBuzzLive.com,TRUE,
anotherdayintheempire.com,bias,conspiracy,,,,,,
antiwar.com,bias,unreliable,,site is biased but very open about bias and source,antiwar,DailyCurrant.com,FALSE,
antoniusaquinas.wp.com,bias,conspiracy,,,,,,
asia-pacificresearch.com,unreliable,satire,,,asia-pacificresearch,*WebsiteRemoved*(temporarily),FALSE,
assassinationscience.com,conspiracy,junksci,,,assassinationscience,DailyWire,FALSE,
associatedmediacoverage.com,satire,,,,associatedmediacoverage,DCClothesLine.com,TRUE,
attn.com,political,clickbait,,,,,,
AutomaticEarth.com,unreliable,,,links to MSM sources and unreliable sources,,,,
automotostar.com,clickbait,,,,automotostar,DCGazette.com,FALSE,
awarenessact.com,conspiracy,junksci,,,,,,
awazetribune.com,satire,,,,,,,
awdnews.com,conspiracy,,,twitter account deleted?,awdnews,DerfMagazine.com,FALSE,
awm.com,unreliable,bias,clickbait,,,,,
BadSquad.com,unknown,,,website down,,,,
baptistnews.com,political,,,circulates generally reliable information from a p.o.v. but not at the expense of informational integrity ,,,,
barenakedislam.com,hate,,,,barenakedislam,DuhProgressive.com,FALSE,
BB4SP.com,conspiracy,bias,bias,,,,,
beehivebugle.com,satire,,,,beehivebugle,Embols.com,FALSE,
beforeitsnews.com,fake,conspiracy,rumor,,beforeitsnews,EmpireHerald,TRUE,
betootaadvocate.com,satire,,,,betootaadvocate,Endingthefed.com,FALSE,
bients.com,clickbait,,,,bients,EnduringVision.com,FALSE,
bigamericannews.com,satire,fake,,,bigamericannews,FPRNradio.com,TRUE,
bigbluedimension.com,rumor,bias,,,bigbluedimension,TheFreeThoughtProject,FALSE,
bigbluevision.com,hate,,,,bigbluevision,GeoEngineeringWatch.org,FALSE,
bigbluevision.org,clickbait,bias,,,bigbluevision,*WebsiteRemoved*(temporarily),FALSE,
bighairynews.com,fake,conspiracy,,,,,,
bignuggetnews.com,bias,rumor,,,bignuggetnews,GovtSlaves.info,FALSE,
bigpzone.com,unknown,,,redirects to http://therundownlive.com/ (MZ 12/2),bigpzone,GulagBound.com,TRUE,
bipartisanreport.com,clickbait,bias,,,bipartisanreport,HangTheBankers.com,TRUE,
blackagendareport.com,unreliable,,,anon submissions,blackagendareport,HumansAreFree.com,FALSE,
blackgenocide.org,conspiracy,bias,hate,,,,,
blacklistednews.com,clickbait,unreliable,,,blacklistednews,Huzlers,FALSE,
bluenationreview.com,clickbait,unreliable,,,bluenationreview,IfYouOnlyNews,TRUE,
Boilingfrogspost.com,unreliable,,,"links to natural news, blacklist news, some conspiracy sites",,,,
borowitzreport.com,satire,,,,borowitzreport,IndecisionForever,FALSE,
bostonleader.com,fake,,,,bostonleader,IJR(IndependentJournalReview),FALSE,
breaking911.com,clickbait,unreliable,,,,,,
breakpoint.org,unreliable,,,,,,,
breitbart.com,political,unreliable,bias,,breitbart,InfoWars,TRUE,
BrotherJohnF.com,bias,conspiracy,,,,,,
BullionBullsCanada.com,conspiracy,,,"The ""one"" bank",,,,
burrardstreetjournal.com,satire,,,,,,,
buzzfeedusa.com,fake,rumor,,,buzzfeedusa,Infowars.com,FALSE,
bvanews.com,unreliable,bias,fake,seems like a combination of totally fake and unreliable reports of 'real' news,bvanews,IntelliHub.com,FALSE,
callthecops.net,satire,,,,callthecops,Inquisitr.com,TRUE,
canadafreepress.com,conspiracy,bias, ,,,,,
cap-news.com,fake, ,,,cap-news,JonesReport.com,FALSE,
cato.org/blog,political,reliable,,,,,,
cbsnews.com.co,fake,,,,,,,
celebtricity.com,satire,,,,celebtricity,LewRockwell.com,FALSE,
centerforsecuritypolicy.org,bias,conspiracy,,http://www.bbc.com/news/world-us-canada-35037943 ; ,,,,
channel-7-news.com,fake,,,,,,,
charismanews.com,bias,,,"minimal factual reporting despite being ""news'",,,,
chaser.com.au,satire,,,,chaser,LibertyTalk.fm,FALSE,
checkoutthehealthyworld.com,junksci,clickbait,,,,,,
chicksontheright.com,clickbait,bias,,,,,,
christianfightback.com,hate,bias,,,christianfightback,LibertyVideos.org,FALSE,
christianpost.com,reliable,political,,,,,,
christiantimesnewspaper.com,rumor,bias,fake,https://www.nytimes.com/2017/01/18/us/fake-news-hillary-clinton-cameron-harris.html?_r=1&mtrref=t.co&gwh=1CC9755BA757D7782D8A46A6F6FBF22E&gwt=pay,christiantimesnewspaper,LMR/LibertyMovementRadio.com,FALSE,
christwire.org,satire,,,,christwire,MediaMass.net,TRUE, 
chronicle.su,satire, ,,,chronicle,MegynKelly.us,FALSE,
chroniclesmagazine.org,political,,,"from what I gather, like the opposite of Jacobin (paleoconservative) ",,,,
citizensunited.org,bias,,,loaded language etc.,,,,
city-journal.org,political,,,,,,,
cityworldnews.com,fake,,,,cityworldnews,MSNBC.com.co,FALSE,
civictribune.com,fake,,,,civictribune,MSNBC.website,TRUE,
clashdaily.com,fake,conspiracy,bias,,,,,
clickhole.com,satire,,,,clickhole,NahaDaily,TRUE,
cnnnext.com,unreliable,,,basically an RT video channel,cnnnext,NationalReport,FALSE,
CNSNews.com,unreliable,bias,,The news arm of Media Research Center (a conservative org that is frequently criticized for use of selective evidence) ,,,,
coasttocoastam.com,unreliable,,,,coasttocoastam,NationalReport.net,TRUE,
collective-evolution.com,junksci,,,,collective-evolution,NaturalNews.com,FALSE,
collectivelyconscious.net,junksci,conspiracy,,,,,,
ComingDepression.com,unknown,,,website empty,,,,
commentarymagazine.com,political,,,,,,,
commondreams.org,political,clickbait,,,,,,
concisepolitics.com,conspiracy,hate,,,concisepolitics,NCScooper,FALSE,
consciouslifenews.com,junksci, ,,,consciouslifenews,NCT(NewCenturyTimes),TRUE,
conservapedia.com,bias, , ,,,,,
conservativebyte.com,fake,bias,,,,,,
conservativedailypost.com,fake,unreliable,,This website is a weird mix of outright fake news and some stuff that looks more reliable. ,conservativedailypost,NewsExaminer,FALSE,
conservativefighters.com,fake,,,,,,,
conservativefiringline.com,bias,conspiracy,clickbait,,,,,
conservativefrontline.com,unknown,,,website down,,,,
conservativeheadlines.com,unknown,,,website down,,,,
conservativehq.com,bias,,,http://conservativehq.com/article/24945-f-bomb-opposition-president-trump,,,,
conservativeinfidel.com,fake,conspiracy,,,,,,
conservativeoutfitters.com,unreliable,clickbait,,,conservativeoutfitters,News-Hound.com,TRUE,
conservativepapers.com,bias,,,"incorrect/uncited data, citing other sources labeled as bias",,,,
conservativerefocus.com,conspiracy,,,,,,,
conservativereview.com,political,,,,,,,
conservativespirit.com,bias,,,,,,,
conservativestate.com,bias,,,"links to other borderline fake, but mostly just propagandistic websites",,,,
conservativetribune.com,bias,conspiracy,unreliable,,,,,
consortiumnews.com,reliable,,,The authors on this website are pretty reliable and the articles appear well researched,consortiumnews,Newslo,FALSE,
conspiracyplanet.com,conspiracy,,,,,,,
conspiracywire.com,conspiracy,,,,conspiracywire,NewsMutiny.com,TRUE,
corbettreport.com,conspiracy,bias,,,,,,
corbettreport.com,conspiracy,,,,corbettreport,Newswatch,FALSE,
countdowntozerotime.com,conspiracy, ,,,,,TRUE,
countercurrentnews.com,bias,,,,,,,
countercurrents.org,political,unreliable,,This site is pretty explicit about it's p.o.v. and is coming from a political perspective but doesn't fit under how we are defining 'bias',countercurrents,Now8News,FALSE,
counterinformation.wordpress.com,political,,,,counterinformation,NowTheEndBegins.com,FALSE,
counterjihad.com,bias,,,,,,,
counterpsyops.com,conspiracy,,,,counterpsyops,OccupyDemocrats,TRUE,
counterpunch.com,political,,,explicit POV - legit authors,counterpunch,PakAlertPress.com,FALSE,
counterpunch.org,political,,,explicit POV - legit authors,counterpunch,PoliticalBlindSpot.com,FALSE,
cowgernation.com,bias,conspiracy,,,,,,
creambmp.com,satire,fake,,,creambmp,PoliticalEars.com,TRUE,
cryptogon.com,conspiracy,unreliable,,copy-pasted commentary from various news & 'news' sources,,,,
crystalair.com,satire,,,redirects to http://www.cap-news.com/,crystalair,Politicalo,FALSE,
dailybuzzlive.com,fake,,,,dailybuzzlive,PrisonPlanet.com,TRUE,
dailycaller.com,political,clickbait,bias,a weird mix of info. they link to extremely biased sites (as sources) and more reliable/balanced sources,,,,
dailycurrant.com,satire,,,,dailycurrant,PrisonPlanet.tv,TRUE,
dailydiscord.com,satire,,,,,,,
dailyheadlines.com,fake, ,,,,,,
dailyheadlines.net,fake, ,,,,,,
dailyken.com,hate,,,,,,,
dailykos.com,political,clickbait, ,,,,,
dailyleak.org,parody,fake,,,dailyleak,*WebsiteRemoved*(temporarily),FALSE,
dailynewsbin.com,bias,clickbait,,,,, ,
dailynewspolitic.com,unknown,,,domain for sale,,,,
dailyoccupation.com,conspiracy,bias,,,dailyoccupation,RealNewsRightNow.com,FALSE,
dailypolitics.info,unknown,,,website now down,dailypolitics,RedFlagNews.com,FALSE,
dailypoliticsusa.com,bias,,,,dailypoliticsusa,RedState,FALSE,
dailysignal.com,bias,,,,,, ,
dailysquib.co.uk,satire,,,,dailysquib,Reductress,FALSE,
dailystormer.com,hate,conspiracy,bias,pretty well known neo-nazi site,dailystormer,RileNews.com,FALSE,
dailytelegraph.com.au,bias,rumor,,australian tabloid mag,,,,
dailywire.com,bias,,,,dailywire,SatiraTribune,TRUE,
dandygoat.com,satire,,,,,,,
darkmoon.me,hate,bias,,,darkmoon,Sprotspickle.com,FALSE,
darkpolitricks.com,bias,conspiracy,,,darkpolitricks,TheBlaze,FALSE,
dataasylum.com,conspiracy,junksci,,,,,,
DaveJanda.com,unreliable,,,,,,,
davidduke.com,hate,,,,davidduke,TheFreeThoughtProject,FALSE,
davidstockmanscontracorner.com,political,,,,davidstockmanscontracorner,BorowitzReport,FALSE,
davidwolfe.com,conspiracy,,,,davidwolfe,TheOnion,FALSE,
dcclothesline.com,conspiracy,junkscience,,,dcclothesline,TheOther98%,TRUE,
dcgazette.com,fake,,,,dcgazette,TheReporterz,TRUE,
dcleaks.com,unreliable,,,,dcleaks,TheStatelyHarold,FALSE,
DeadLineLive.info,political,conspiracy,,,,,,
DeadlyClear.wordpress.com,bias,fake news,,"Not a personal website, owned by Project Maui, Inc. Makes unverifiable extraordinary claims, seems to be advertising for lawyers with a history of legal reprimands.",,,,
debunkingskeptics.com,bias,conspiracy,,Science doesn't mean what they think it means,,,,
defenddemocracy.press,bias,political,,"editorial board as stated on about us seem to be legitimate academics, and originally authored content byline are academics, although not able to find a clear link between edu pages and these authors' work on this website. Many 3rd party articles are linked, sources provided. These articles are aggregated from other more clearly biased sites i.e. world socialist web site (wswg.org), rt.com, sputniknews.com.",defenddemocracy,TheDailySheeple.com,FALSE,
delectabledietofpics.net,unknown,,,website now down,delectabledietofpics,TheNewsNerd.com,FALSE,
dennismichaellynch.com,political,,,,dennismichaellynch,TheRunDownLive.com,FALSE,
denverguardian.com,fake,,,,,,,
departed.co,fake,,,redirects to dcposts.com ,departed,TheUsPatriot.com,FALSE,
der-postillon.com,satire,,,German language site,der-postillon,TruthFrequencyRadio.com,FALSE,
derfmagazine.com,satire,,,,derfmagazine,Twitchy.com,TRUE,
dineal.com,junksci,,,,dineal,UnconfirmedSources.com,FALSE,
disclose.tv,satire,conspiracy,,,disclose,*WebsiteRemoved*(temporarily),FALSE,
disclosuremedia.net,conspiracy,,,,disclosuremedia,USASupreme,FALSE,
dissentmagazine.org,political,,,,,,,
diversitychronicle.wordpress.com,satire,,,self-labled: https://diversitychronicle.wordpress.com/disclaimer/ ,diversitychronicle,US.Blasting.News,FALSE,
DollarVigilante.com,bias,,,anarcho-capitalist blog,,,,
donaldtrumpnews.co,fake,,,,,,,
Dont-Tread-On.Me,conspiracy,,,doesn't seem to be updating anymore,,,,
downtrend.com,fake,satire,,,,,,
DProgram.net,unknown,,,website down,,,,
drrichswier.com,hate,bias,,,,,,
drudgereport.com,political,bias,,,drudgereport,WakingUpWisconsin.com,FALSE,
drudgereport.com.co,fake,,,,drudgereport,"*WebsiteRemoved*
(temporarily)",FALSE,
duffleblog.com,satire,,,,duffleblog,WinningDemocrats,FALSE,
duhprogressive.com,satire,,,,duhprogressive,WitScience.org,TRUE,
Dutchsinse.com,conspiracy,,,weather control,,,,
EagleRising.com,bias,clickbait,,,,,,
EbolaHoax.com,conspiracy,,,domain for sale,,,,
economicnoise.com,political,unreliable,,"sites some problematic sources, like CNS news",,,,
ecowatch.com,political,,,"this site claims junksci, but I read over a dozen articles w/o finding any. probably should re-check soon https://mediabiasfactcheck.com/ecowatch/",,,,
educate-yourself.org,conspiracy,junksci,,,educate-yourself,WorldNewsDailyReport,FALSE,
educateinspirechange.org/health,clickbait,junksci,,,educateinspirechange,WorldTruth.tv,FALSE,
electionnightgatekeepers.com,conspiracy,unreliable,,,,, ,
elelephantintheroom.blogspot.com,bias,,,,elelephantintheroom,ZeroHedge,FALSE,
elitereaders.com,clickbait,,,,elitereaders,,FALSE,
elkoshary.com,satire,,,About Me notes that it's not fake/satirical news,elkoshary,,FALSE,
elmundotoday.com,satire,,,About Me notes that it's not fake/satirical news,elmundotoday,,FALSE,
embols.com,fake,,,,embols,,TRUE,
empireherald.com,fake,satire,,,empireherald,,TRUE,
empirenews.net,fake,satire,,,empirenews,,FALSE,
empiresports.co,satire,,,About Me notes that it's not fake/satirical news,empiresports,,FALSE,
Emptywheel.net,political,,,commentary on current events/news,,,,
enabon.com,fake,,,"No authors, no contact, just copy/pasted from other questionable sites",enabon,,FALSE,
endingthefed.com,bias, ,,,endingthefed,,TRUE,
endoftheamericandream.com,Conspiracy,Fake,Political,Traffics in religious conspiracy theories and poorly sourced pro-Trump propaganda,endoftheamericandream,,FALSE,
endtime.com,bias,clickbait,Political,Not sure about this one. zany religious prophecy/not really conspiracy,endtime,,FALSE,"I would classify this as ""religious clickbait,"" with all of its reporting coming through a fundamentalist Christian filter-- thus the ""extreme bias."""
enduringvision.com,fake,,,,enduringvision,,TRUE,
english.ruvr.ru,unknown,,,redirects to https://sputniknews.com/ ,english,,FALSE,
EUTimes.net,hate,conspiracy,,,,,,
eutopia.buzz,fake,satire,conspiracy,,eutopia,,FALSE,
everydayworldnews.com,unknown,,,website down,everydayworldnews,,FALSE,
everythingnewdaily.com,unknown,,,website down,everythingnewdaily,,FALSE,
ewao.com,junksci,,,,ewao,,FALSE,
ExperimentalVaccines.org,junksci,conspiracy,,,,,,
Expose1933.com,conspiracy,hate,,"references to ""white genocide"" and ""race mixing""",,,,
express.co.uk,rumor,,,well-known tabloid,,,,
extraclubmagazine.com,bias,clickbait,fake,vacillates between outright fake and misleading stories,extraclubmagazine,,FALSE,
eyeopening.info,conspiracy,junksci,,,eyeopening,,FALSE,
fakingnews.com,fake,satire,,fiction disclaimer on bottom of home screen ,fakingnews,,FALSE,
familysecuritymatters.org,conspiracy,bias,,,,,,
fantasticword.com,unknown,,,website down?,fantasticword,,FALSE,"website down, or at least parked"
FarmWars.info,fake news,conspiracy,,"Much of the site is focused on anti-GMO conspiracies, with political conspiracies coming in as a close second. There are some apparent attempts to source some wild claims, but the use of unstable URLs-- intentionally or otherwise-- thwarts this.",,,,
federalistpress.com,bias,,,,federalistpress,,FALSE,
fellowshipoftheminds.com,conspiracy,junksci,,,fellowshipoftheminds,,FALSE,
filmsforaction.org,political,,,,filmsforaction,,FALSE,
FinancialSurvivalNetwork.com,unreliable,bias,,,,,,
firearmscoalition.org,bias,blog,,"A single-issue blog, it hasn't been updated since August 2016. It talks about guns, has lots of dead links, and has trouble distinguishing between legitimate and illegitimate sources.",,,,
floridasunpost.com,fake,satirical,,I concur: http://mashable.com/2016/10/03/fake-news-story-man-marries-granddaughter/#QvpAzP.e8Oqb ,floridasunpost,,FALSE,
flyheight.com,unknown,,,aggregator of actual and potentially altered videos,flyheight,,FALSE,
fmobserver.com,satire,,,,,,,
fognews.ru,satire,,,site contains satire disclaimer,fognews,,FALSE,
foodbabe.com,junksci,,,,foodbabe,,FALSE,
foreignpolicyjournal.com,political,,,legit source coming from a political perspective,foreignpolicyjournal,,FALSE,
fort-russ.com,unknown,,,website down,fort-russ,,FALSE,
fourwinds10.net,conspiracy,junksci,,,fourwinds10,,FALSE,
fprnradio.com,conspiracy,fake,,,fprnradio,,TRUE,
freakoutnation.com,bias,,,,,,,
FreeBeacon.com,bias,,,,,,,
freedomdaily.com,fake,,,,,,,
FreedomForceInternational.com,conspiracy,,,global warming denial,,,,
freedomoutpost.com,conspiracy,bias, ,,freedomoutpost,,FALSE,
FreedomsPhoenix.com,bias,conspiracy,,,,,,
freedomworks.org,political,,,,,,,
freedomworldnews.com,bias,unreliable,,,,,,
freepatriot.org,satire,,,site contains satire disclaimer ,freewoodpost,,FALSE,
freewoodpost.com,satire,,,,,,,
fridaymash.com,satire,,,,,,,
fromthetrenchesworldreport.com,conspiracy,junksci,bias,,fromthetrenchesworldreport,,FALSE,
frontpagemag.com,bias,hate,,Part of David Horowitz' Freedom Center,frontpagemag,,FALSE,
fusion.net,political,reliable,,website contains some satire ,,, ,
gaia.com,conspiracy,junksci,,,gaia,,FALSE,
galacticconnection.com,junksci,,,,galacticconnection,,FALSE,
gangstergovernment.com,conspiracy,bias,,,gangstergovernment,,FALSE,
gatesofvienna.net,hate,conspiracy,,,gatesofvienna,,FALSE,
geoengineeringwatch.org,junksci,conspiracy,,,geoengineeringwatch,,TRUE,
geopolmonitor.com,political,,,this website is tricky (in terms of writers using some interesting frames/language). def could use a second analysis.,geopolmonitor,,FALSE,
glaringhypocrisy.com,hate,conspiracy,,"references to ""Jew World Order""",,,,
GlobalEconomicAnalysis.com,unknown,,,website down 1/27,,,,
globalresearch.ca,conspiracy,,,,globalresearch,,FALSE,
glossynews.com,satire,,,,,,,
godlikeproductions.com,conspiracy,,,,godlikeproductions,,FALSE,
gomerblog.com,satire,,,site contains satire disclaimer ,gomerblog,,FALSE,
goneleft.com,fake,,,,,,,
GonzaloLira.Blogspot.com,unknown,,,blog is invite only,,,,
gopthedailydose.com,fake,conspiracy,bias,,,,,
govtslaves.info,conspiracy,,,,govtslaves,,TRUE,
greanvillepost.com,conspiracy,,, ,greanvillepost,,FALSE,
GreenMedInfo.com,junksci,,,,,,,
guardianlv.com,political,,,,guardianlv,,FALSE,
guccifer2.wordpress.com,unreliable,,,,guccifer2,,FALSE,
gulagbound.com,bias, ,,,gulagbound,,TRUE,
hangthebankers.com,conspiracy, ,,,hangthebankers,,TRUE,
healthimpactnews.com,junksci,bias,,,healthimpactnews,,FALSE,
healthnutnews.com,junksci,,,,healthnutnews,,FALSE,
healthy-holistic-living.com,junksci,clickbait,,,,,,
heartland.org,bias,,,http://www.sourcewatch.org/index.php/Heartland_Institute,,,,
heatst.com,clickbait,bias,,,,,,
henrymakow.com,conspiracy, ,,,henrymakow,,FALSE,
heresyblog.net,bias,conspiracy,rumor,,heresyblog,,FALSE,
heritage.org,political,,,,,,,
holyobserver.com,satire,,,,holyobserver,,FALSE,
horowitzfreedomcenter.org,bias,,,,,,,
humansarefree.com,conspiracy,,,,humansarefree,,TRUE,
humortimes.com,satire,,,,,,,
huzlers.com,satire,,,,huzlers,,TRUE,
icr.org,junksci,,,,,,,
ifyouonlynews.com,unreliable,satire,,,ifyouonlynews,,TRUE,
igrewupinusa.info,unknown,,,,,,,
ihavethetruth.com,bias,clickbait,fake,,ihavethetruth,,FALSE,
ijr.com,political,bias,unreliable,,ijr,,TRUE,
illuminati-news.com,conspiracy,,,,,,,
ilovemyfreedom.org,bias,clickbait,,,,,,
immediatesafety.org,fake,,,https://immediatesafety.org/dnc-to-hand-debbie-wasserman-schultz-over-to-isis-for-beheadding/,,,,
in5d.com,junksci,,,,in5d,,FALSE,
indiaarising.com,clickbait,unreliable,,,indiaarising,,FALSE,
infiniteunknown.net,conspiracy,,,"""9/11 was an inside job""",,,,
informationclearinghouse.info,conspiracy,unreliable,,,informationclearinghouse,,FALSE,
informetoday.com,bias,unreliable,,,informetoday,,FALSE,
infostormer.com,fake,hate,conspiracy,,,,,
infowars.com,conspiracy,,,,infowars,,TRUE,
instaworldnews.com,bias,,,,instaworldnews,,FALSE,
intellihub.com,conspiracy,unreliable,,,intellihub,,TRUE,
intrendtoday.com,fake,clickbait,,,intrendtoday,,FALSE,
intrepidreport.com,bias,,,,intrepidreport,,FALSE,
investmentresearchdynamics.com,conspiracy,,,,investmentresearchdynamics,,FALSE,
investmentwatchblog.com,bias,fake,,,investmentwatchblog,,FALSE,
ironictimes.com,satire,,,,,,,
islamicanews.com,satire,,,,,,,
itaglive.com,fake,,,,itaglive,,FALSE,
ITCCS.org,conspiracy,,,,,,,
ItMakesSenseBlog.com,fake,,,,,,,
iwanttoexplore.com,fake,,,mostly turned back into car website,iwanttoexplore,,FALSE,
jackpineradicals.com,political,,,left wing discussion site,jackpineradicals,,FALSE,
jacobinmag.com,political,,,,,,,
jamesrgrangerjr.com,bias,,,,jamesrgrangerjr,,FALSE,
jesus-is-savior.com,conspiracy,,,,jesus-is-savior,,FALSE,
jewsnews.co.il,unreliable,bias,clickbait,,jewsnews,,FALSE,
jihadwatch.org,conspiracy,hate,,,,,,
johnnyrobish.com,satire,,,,,,,
jonesreport.com,conspiracy,,,,jonesreport,,TRUE,
journal-neo.org,bias,,,,journal-neo,,FALSE,
judicialwatch.org,political,,,,,,,
katehon.com,bias,,,,katehon,,FALSE,
katehon.org,unknown,,,"russian version of katehon.com? (I think so, but i can't get a read on this one- mz)",katehon,,FALSE,
kauilapele.wordpress.com,unknown,,,,,,,
kingworldnews.com,unknown,,, ,kingworldnews,,FALSE,
knowledgeoftoday.org,conspiracy,,,http://www.knowledgeoftoday.org/2012/02/illuminati-secret-hidden-from-masses.html,,,,
krbcnews.com,fake,,,,,,,
landoverbaptist.org,satire,,,,landoverbaptist,,FALSE,
learnprogress.org,fake,bias,,http://www.learnprogress.org/white-house-website-sell-jewelry/,,,,
legorafi.fr,unknown,,,in French,legorafi,,FALSE,
lewrockwell.com,bias,unreliable,political,,lewrockwell,,TRUE,
liberalamerica.org,clickbait,bias,,,liberalamerica,,FALSE,
liberalbias.com,satire,,,,liberalbias,,FALSE,
liberaldarkness.com,satire,fake,,,,,,
libertyblitzkrieg.com,fake,,,,libertyblitzkrieg,,FALSE,
libertyfederation.com,hate,,,,,,,
libertymovementradio.com,conspiracy,,,,libertymovementradio,,TRUE,
libertynews.com,unreliable,bias,,,libertynews,,FALSE,
libertytalk.fm,conspiracy,,,,libertytalk,,TRUE,
libertyunyielding.com,bias,,,,libertyunyielding,,FALSE,
libertyvideos.org,conspiracy,,,,libertyvideos,,TRUE,
libertywritersnews.com,clickbait,bias,unreliable,,libertywritersnews,,FALSE,
lifeandabout.com,bias,,,,lifeandabout,,FALSE,
lifenews.com,bias,clickbait,,,,,,
lifeprevention.com,junksci,,,,lifeprevention,,FALSE,
lifesitenews.com,clickbait,bias,,,,,,
lifezette.com,clickbait,,,,,,,
lightlybraisedturnip.com,unknown,,,in German,lightlybraisedturnip,,FALSE,
liveactionnews.org,bias,,,,,,,
livefreelivenatural.com,unknown,,,"*Malware Warning, did not navigate to site",livefreelivenatural,,FALSE,
livevote.com,clickbait,,,,livevote,,FALSE,
loanpride.com,rumor,clickbait,,http://loanpride.com/obama-family-divorce-attorney-quit-smoking-tips/?utm_source=revcontent&utm_medium=56198&utm_term=conservative%20news&utm_content=1770992&utm_campaign=234718&utm_widget_id=56198,,,,
lovethispic.com,clickbait,junksci,,,,,,
lushforlife.com,satire,,,,lushforlife,,FALSE,
Mad-Yet.blogspot.com,unreliable,,,"links to real news stories, but also some questionable/decontextualized images",,,,
madpatriots.com,unreliable,clickbait,,,,, ,
madworldnews.com,unreliable,hate,,,madworldnews,,FALSE,
madworldnews.com,unreliable,clickbait,,,,, ,
magafeed.com,rumor,bias,,"""god/emperor"" category for trump",magafeed,,FALSE,
makeamericagreattoday.com,bias,fake,,,makeamericagreattoday,,FALSE,
meanlefthook.com,bias,clickbait,,,,,,
mediamass.net,fake,,,,mediamass,,TRUE,
mediazone.news,rumor,unreliable,,,mediazone,,FALSE,
megafreshnews.com,rumor,,,,megafreshnews,,FALSE,
megynkelly.us,fake,,,,megynkelly,,FALSE,
militianews.com,conspiracy,bias,hate,,,,,
mintpressnews.com,political,,,legit source form a political perspective,mintpressnews,,FALSE,
molonlabemedia.com,bias,conspiracy,,,,,,
moonofalabama.org,bias,,,,moonofalabama,,FALSE,
morningledger.com,unreliable,conspiracy,,,,,,
morningnewsusa.com,unreliable,,,"stories seem to originate from real news, but are somewhat clickbait-y and sources are not cited",morningnewsusa,,FALSE,
mpidailymagazine.com,fake,bias,,,,,,
mrc.org,political,bias,,,,,,
mrconservative.com,fake,satire,,,,, ,
msnbc.website,fake,,,,msnbc,,FALSE,
mydailyrelaxation.com,unknown,,,server not found,mydailyrelaxation,,FALSE,
myfreshnews.com,fake,bias,,found linked from iwanttoexplore.com,mz (12/5)activist,,FALSE,
myzonetoday.com,fake,bias,,,,,,
nahadaily.com,satire,,,,nahadaily,,FALSE,
nakedcapitalism.com,political,,,"commentary on finance, economics, politics and power",nakedcapitalism,,FALSE,
nasamoonhoax.com,conspiracy,,,,,,,
nationalreport.net,satire,fake,,,nationalreport,,FALSE,
nationalreview.com,political,,,,,,,
NationalUFOCenter.com,conspiracy,,,,,,,
nationindistress.weebly.com,conspiracy,,,,,, ,
nationonenews.com,fake,conspiracy,,,,,,
naturalblaze.com,junksci,conspiracy,,,naturalblaze,,FALSE,
naturalnews.com,junksci,conspiracy,,,naturalnews,,FALSE,
naturalnewsblogs.com,junksci,,,,,,,
nbc.com.co,fake,,,,,, ,
nbcpolitics.org,unknown,,,website down?,nbcpolitics,,FALSE,
nbcpoll.com,unknown,,,website down?,nbcpoll,,FALSE,
ncscooper.com,satire,,,,ncscooper,,FALSE,
neonnettle.com,conspiracy,bias,fake,http://www.neonnettle.com/features/732-pizzagate-worldwide-pedophile-ring-bust-begins-media-remains-silent-,,,,
nevo.news,unreliable,bias,,,,, ,
newcenturytimes.com,unreliable,bias,,,newcenturytimes,,FALSE,
newcoldwar.org,political,,,"contains statement that site authors are ""independent, but not non-partisan"" (anti-war (Ukraine))",newcoldwar,,FALSE,
news-hound.com,unknown,,,,,,,
news-hound.org,unknown,,,,,,,
news4ktla.com,fake,satire,,,,,,
newsbbc.net,fake,,,,newsbbc,,FALSE,
newsbiscuit.com,satire,,,http://www.newsbiscuit.com/about/disclaimer/ ,newsbiscuit,,mz (12/5),
newsbreakers.org,satire,,,,,,,
NewsBuster.com,unknown,,,seems like copy of newsbusters.org,,,,
newscenterusa.com,unknown,,,website down,newscenterusa,,FALSE,
newscorpse.com,political, , ,http://www.newscorpse.com/ncWP/?p=34163,,,,
newsexaminer.net,fake,satire, ,,newsexaminer,,mz (12/5),
newsfrompolitics.com,fake,,,,newsfrompolitics,,FALSE,
newslo.com,fake,,,redirects to http://politicops.com/ (12/2),newslo,,mz (12/5),
newslogue.com,bias,fake,,,,,,
Newsmax.com,unreliable,bias,,,,, ,
newsmutiny.com,satire,fake,,,newsmutiny,,FALSE,
newsninja2012.com,bias, ,,,,, ,
newsopening.com,unknown,,,website down,newsopening,,FALSE,
newstarget.com,conspiracy,,,,newstarget,,FALSE,
newsthump.com,satire,,,site contains satire disclaimer,newsthump,,FALSE,
newstoad.net,satire,,,Tagline: The news they don't want you to hear. Because it isn't true.,newstoad,,FALSE,
newswatch28.com,fake,,,,newswatch28,,FALSE,
newswatch33.com,fake,,,,newswatch33,,FALSE,
newswire-24.com,rumor,unreliable,,,newswire-24,,FALSE,
newswithviews.com,fake,conspiracy,,,newswithviews,,FALSE,
newyorker.com/humor,satire,,,,newyorker,,FALSE,
nodisinfo.com,conspiracy,unreliable,,,nodisinfo,,TURE,
NoMoreFakeNews.com,conspiracy,,,,,,,
nonaiswa.org/wordpress,unknown,,,,,,,
northcrane.com,unreliable,,,,,,,
notallowedto.com,clickbait,fake,,,notallowedto,,FALSE,
NoTime4Bull.com,unknown,,,website down,,,,
now8news.com,fake,,,,now8news,,FALSE,
nowtheendbegins.com,conspiracy,,,,nowtheendbegins,,FALSE,
npiamerica.org,hate,bias,,white supremacist think tank,,,,
NutritionalAnarchy.com,unreliable,,,,,,,
nutritionfacts.org,reliable,,,"I read through several articles and the sources cited, and appears ok (maybe sometimes a little sensational... so if anyone has specific knowledge of this site and/or good examples of problems, feel free to link them here)",nutritionfacts,,FALSE,
nymeta.co,clickbait,satire,,Entertainment website ,nymeta,,FALSE,
nyuzer.com,unknown,,,website domain for sale,nyuzer,,FALSE,
oann.com,political,reliable,,,,,,
oathkeepers.org,bias,,,https://www.splcenter.org/fighting-hate/extremist-files/group/oath-keepers,,,,
objectiveministries.org,satire,,,,objectiveministries,,FALSE,
observatorial.com,unknown,,,,,,,
observer.com,political,,,"vacillates between some pieces that are ""bias"" and others that are ""reliable""",,,,
OCCUPY.com,political,,,,,,,
occupydemocrats.com,clickbait,bias,unreliable,,occupydemocrats,,FALSE,
occupyliberals.com,bias,clickbait,,,occupyliberals,,FALSE,
odgossip.com,unknown,,,website domain for sale,odgossip,,FALSE,
off-guardian.org,bias,conspiracy,,,off-guardian,,FALSE,
OffGridSurvival.com,conspiracy,bias,,http://offgridsurvival.com/shadowgovernmentwars/,,,,
oftwominds.com,bias,conspiracy,,,oftwominds,,FALSE,
oilgeopolitics.net,conspiracy,,,,oilgeopolitics,,FALSE,
onlineconservativepress.com,fake,conspiracy,bias,,,,,
opednews.com,unknown,,,website kept timing out. ,opednews,,FALSE,
openmindmagazine.com,bias,conspiracy,,,openmindmagazine,,FALSE,
orientalreview.org,bias,conspiracy,,,orientalreview,,FALSE,
other98.com,clickbait,bias,unreliable,,other98,,FALSE,
pakalertpress.com,fake,,,,pakalertpress,,FALSE,
palmerreport.com,bias,,,,,,,
pamelageller.com,conspiracy,fake,bias,,,,,
patdollar.com,bias,clickbait,,,,,,
patriotarchives.blogspot.com,unknown,,,just links to the Patriot News Hour Radio Show,,,,
patriotchronicle.com,bias,clickbait,,,patriotchronicle,,FALSE,
patriotnewsdaily.com,satire,,,,thelapine,,FALSE,
patriotnewsdaily.com,bias,,,,,,,
patriotpost.us,bias, ,,https://mediabiasfactcheck.com/the-patriot-post/ ; https://patriotpost.us/posts/48002 ; https://patriotpost.us/alexander/48000,,,,
patriotrising.com,bias,conspiracy,,,patriotrising,,FALSE,
patriotupdate.com,bias,conspiracy,,,,,,
paulcraigroberts.org,bias,conspiracy,,ex: http://www.paulcraigroberts.org/2016/12/10/has-liberty-departed-from-america-paul-craig-roberts/ ,paulcraigroberts,,FALSE,
pjmedia.com,political,bias,,"https://mediabiasfactcheck.com/pj-media/ ;  https://pjmedia.com/about-us (ground zero mosque, 'doctored climate change data')",,,,
platosguns.com,bias,conspiracy,bias,,platosguns,,FALSE,
politicalblindspot.com,conspiracy,junksci,,ex: vaccines are a way for the CIA to spy on us,politicalblindspot,,FALSE,
politicalcult.com,bias,clickbait,conspiracy,,,,,
politicalears.com,unreliable,clickbait,,,politicalears,,FALSE,
politicalo.com,fake, ,,,politicalo,,FALSE,
politicalsitenews.com,fake,,, ,politicalsitenews,,FALSE,
politicaltimes.org,unknown,,,site that pops up is only Bluehost Web Hosting site link,politicaltimes,,FALSE,
politicalupdator.com,fake,clickbait,bias,,,,,
politicops.com,satire,fake,,redirects to Newslo,,,,
politicot.com,satire,fake,,redirects to Newslo,,,,
politicsbreaking.com,unknown,,,connection times out,politicsbreaking,,FALSE,
politicsinformation.com,unknown,,,resource not found,politicsinformation,,FALSE,
politicsinfotoday.com,unknown,,,site not found,politicsinfotoday,,FALSE,
politicsintheusa.com,unreliable,bias,,,politicsintheusa,,FALSE,
politicsinusa.com,unknown,,,website down,politicsinusa,,FALSE,
politicususa.com,clickbait,unreliable,,,politicususa,,FALSE,
pollhype.com,rumor ,clickbait,bias,,,,,
powerpoliticians.com,unreliable,,,,powerpoliticians,,FALSE,
pravda.ru,bias,rumor,conspiracy,,pravda,,FALSE,
pravdareport.com,bias,rumor,conspiracy,redirects to pravda.ru,pravdareport,,FALSE,
prepperwebsite.com,conspiracy,fake,,,prepperwebsite,,FALSE,
presidentialvoting2016.com,political,bias,unreliable,,presidentialvoting2016,,FALSE,
press24.us,unknown,,,site won't load past index page,press24,,FALSE,
presstv.com,bias,unreliable,,,presstv,,FALSE,
presstv.ir,bias,unreliable,,redirects to presstv.com,presstv,,FALSE,
prisonplanet.com,conspiracy,,,,,,,
prisonplanet.com,conspiracy,,,,prisonplanet,,FALSE,
prisonplanet.tv,conspiracy,,,,prisonplanet,,FALSE,
prntly.com,fake,,,,,, ,
projectveritas.com,bias,unreliable,political,,projectveritas,,FALSE,
proudcons.com,fake,bias,,,,,,
proudemocrat.com,political,,,,proudemocrat,,FALSE,
qpolitical.com,bias,clickbait,junksci,,,,,
randpaulreview.com,unknown,,,domain name available for purchase,randpaulreview,,FALSE,
rawforbeauty.com,junksci,,,,rawforbeauty,,FALSE,
rawstory.com,political,clickbait,,,,,,
rawws.com,unknown,,,site won't load for me--kg/ x2 mz,rawws,,FALSE,
rbth.com,unknown,,,sponsored by Rossiyskaya Gazeta (a Russian Gov't daily paper),rbth,,FALSE,
react365.com,fake,,,fake news generator for pranking friends,react365,,FALSE,
readconservatives.news,bias,fake,clickbait,,,,,
readynutrition.com,unknown,conspiracy,,survivalist blog,readynutrition,,FALSE,
reagancoalition.com,bias,fake,clickbait,,,,,
realfarmacy.com,junksci,conspiracy,,,realfarmacy,,FALSE,
realnewsrightnow.com,fake,satire,,,realnewsrightnow,,FALSE,
realplanetnews.com,junksci,,,,realplanetnews,,FALSE,
realprogress.online,unknown,,,website down,realprogress,,FALSE,
realtimepolitics.com,bias,unreliable,,,,, ,
redflagnews.com,bias,conspiracy,unreliable,,redflagnews,,FALSE,
redstate.com,political,clickbait,,,,, ,
redstatewatcher.com,bias,clickbait,,,redstatewatcher,,FALSE,
reductress.com,satire,,,,reductress,,FALSE,
regated.com,bias,,,,regated,,FALSE,
remedydaily.com,clickbait, ,,,,,,
rense.com,conspiracy,junksci,,,rense,,FALSE,
resistancereport.com,political,unreliable,,http://www.politifact.com/personalities/resistance-report/,,,,
responsibletechnology.org,junksci,,,,responsibletechnology,,FALSE,
returnofkings.com,hate,,,,returnofkings,,FALSE,
revolutions2040.com,junksci,clickbait,,,,,,
rhotv.com,fake,,,,,,,
rickwells.us,fake,conspiracy,,,,,,
rightalert.com,bias,unreliable,,,,, ,
righton.com,unknown,,,domain for sale,righton,,FALSE,
rightwingnews.com,bias,unreliable,,,,, ,
rilenews.com,fake,satire,,,rilenews,,FALSE,
rinf.com,political,,,,rinf,,FALSE,
rockcitytimes.com,satire,,,,rockcitytimes,,FALSE,
ronpaulinstitute.org,political,,,,ronpaulinstitute,,FALSE,
rumormillnews.com,conspiracy,junksci,rumor,,rumormillnews,,FALSE,
ruptly.tv,political,,,owned by RT,ruptly,,FALSE,
russia-direct.org,unknown,political,,Russian news agencies are REALLY hard to analyze ,russia-direct,,FALSE,
russia-insider.com,bias,clickbait,,,russia-insider,,FALSE,
satiratribune.com,satire,,,,satiratribune,,FALSE,
satirewire.com,satire,,,,,,,
scrappleface.com,satire,,,,scrappleface,,FALSE,
secretsofthefed.com,conspiracy,junksci,,,secretsofthefed,,FALSE,
sensationalisttimes.com,satire,,,,,,,
sentinelblog.com,conspiracy,junksci,,,sentinelblog,,FALSE,
shareblue.com,unreliable,political,bias,My analysis is similar to this site: https://mediabiasfactcheck.com/shareblue/,,,,
sheepkillers.com,conspiracy,junksci,,,,,,
shoebat.com,conspiracy,bias,,,,,,
Silver-Coin-Investor. com,conspiracy,bias,unreliable,,,,,
SilverBearCafe.com,conspiracy,,,,,,,
SilverDoctors.com,conspiracy,bias,,,,,,
SilverStealers.net,conspiracy,,,,,,,
SJLendman.Blogspot.com,bias,,,,,,,
skeptiko.com,conspiracy,junksci,,,,,,
sonsoflibertyradio.com,conspiracy,bias, unreliable,,,, ,
SovereignMan.com,unreliable,,,,,,,
speld.nl,satire,,,,speld,,FALSE,
sportspickle.com,satire,,,,sportspickle,,FALSE,
sputniknews.com,bias,state,fake,,sputniknews,,FALSE,
stneotscitizen.com,satire,,,,stneotscitizen,,FALSE,
stormcloudsgathering.com,fake,,,,stormcloudsgathering,,FALSE,
stuppid.com,satire,,,,stuppid,,FALSE,
subjectpolitics.com,fake,bias,,,,,,
success-street.com,fake,clickbait,,http://success-street.com/2017/01/18/wow-obama-orders-life-sized-bronze-statute-permanently-installed-white-house/,,,,
supremepatriot.com,fake,bias,,,,,,
surrealscoop.com,satire,,,,,,,
theamericanindependent.wordpress.com,fake,bias,,,,,,
theantimedia.org,unreliable,bias,conspiracy,ex: http://theantimedia.org/cdc-admits-ebola-airborne/,,,,
thebeaverton.com,satire,,,,thebeaverton,,FALSE,
theblaze.com,political,clickbait,,,,, ,
thebostontribune.com,fake,,,,thebostontribune,,FALSE,
thecommonsenseshow.com,fake,conspiracy,,,thecommonsenseshow,,FALSE,
thecontroversialfiles.net,fake,clickbait, ,,thecontroversialfiles,,FALSE,
thedailybeast.com,political,,,,,,,
thedailymash.co.uk,satire,,,,thedailymash,,FALSE,
thedailysheeple.com,conspiracy,bias,,,thedailysheeple,,FALSE,
thedailywtf.com,satire,,,,thedailywtf,,FALSE,
theduran.com,unreliable,,,,theduran,,FALSE,
theeconomiccollapseblog.com,conspiracy,bias,,,theeconomiccollapseblog,,FALSE,
theeventchronicle.com,conspiracy,junksci,clickbait,,theeventchronicle,,FALSE,
TheExtinctionProtocol.com,conspiracy,,,,,,,
thefederalistpapers.org,bias,conspiracy, ,,thefederalistpapers,,FALSE,
thefifthcolumnnews.com,political,,,,,,,
theforbiddenknowledge.com,conspiracy,junksci,,,,,,
thefreepatriot.org,fake,bias,clickbait,,,,,
thefreethoughtproject.com,unreliable,conspiracy,clickbait,,thefreethoughtproject,,TRUE,
thegatewaypundit.com,bias,conspiracy,unreliable,,,,,
thegoldandoilguy.com/articles,unreliable,,,,,,,
thehardtimes.net,satire,,,,,,,
theineptowl.com,satire,,,,,,,
theinformedamerican.net,unreliable,,,,,, ,
theintercept.com,political,,,,,,,
thelastgreatstand.com,fake,conspiracy,bias,,thelastgreatstand,,FALSE,
thelastlineofdefense.org,satire,,,http://thelastlineofdefense.org/about-us/,,,,
thelibertybeacon.com,conspiracy,junksci,bias,,,,,
thelibertymill.com,unreliable,bias,conspiracy,,,,,
themadisonmisnomer.com,satire,,,,,,,
themideastbeast.com,satire,,,http://www.themideastbeast.com/about/,themideastbeast,,FALSE,
themindunleashed.com,conspiracy,junksci,clickbait,,themindunleashed,,FALSE,
themindunleashed.org,conspiracy,junksci,clickbait,,themindunleashed,,FALSE,
themuslimissue.wordpress.com,hate,conspiracy,,,,,,
thenewamerican.com,bias,,,,thenewamerican,,FALSE,
thenewinquiry.com,unknown,,,website temporarily down,,,,
thenewsdoctors.com,bias,,,,thenewsdoctors,,FALSE,
thenewsnerd.com,satire,,,,thenewsnerd,,FALSE,
theonion.com,satire,,,,theonion,,FALSE,
thephaser.com,conspiracy,,,,,,,
thepoke.co.uk,satire,,,,thepoke,,FALSE,
thepoliticalcesspool.com,unknown,hate,,website isn't loading,,,,
thepoliticalinsider.com,conspiracy,bias,unreliable,,,, ,
theracketreport.com,fake,satire,,"I can't find disclaimers, but I think it's satirical ",theracketreport,,FALSE,
therealstrategy.com,bias,conspiracy,hate,black lives matter content spews a lot of racist info,,,,
thereporterz.com,fake,,,,thereporterz,,FALSE,
therightists.com,fake,bias,,publishes both biased and fake content,,,,
therightscoop.com,fake,clickbait,,"no authors, no history, no about us, unverifiable data, etc.",,,,
therightstuff.biz,hate,,,,,, ,
theshovel.com.au,satire,,,,,,,
theskunk.org,satire,,,,,,,
thespoof.com,satire,,,,thespoof,,FALSE,
thestatelyharold.com,satire,,,,thestatelyharold,,FALSE,
thetimesoftheworld.com,satire,,,,,,,
thetruthaboutcancer.com,junksci,,,,,,,
thetruthdivision.com,fake,bias,,,,,,
thetruthseeker.co.uk,fake,conspiracy,junksci,ex: NY orchestrated the asian tsunami in 2008!,thetruthseeker,,FALSE,
TheTruthWins.com,junksci,conspiracy,clickbait,,,,,
theunrealtimes.com,satire,,,,theunrealtimes,,FALSE,
theuspatriot.com,satire,fake,,,theuspatriot,,FALSE,
thevalleyreport.com,satire,,,,thevalleyreport,,FALSE,
thewatchtowers.com,bias,conspiracy,clickbait,,,,,
thinkprogress.org,political,,,,,,,
threepercenternation.com,fake,conspiracy,bias,,,,,
TomWoods.com,political,unrealiable,,,,,,
topekasnews.com,satire,,,,topekasnews,,FALSE,
topinfopost.com,clickbait,unreliable,conspiracy,,topinfopost,,FALSE,
TrueActivist.com,clickbait,unreliable,,,,,,
truepundit.com,bias,clickbait,,,,,,
trumpvision365.com,fake,,,,,,,
truthandaction.org,bias,conspiracy,clickbait,,truthandaction,,FALSE,
truthbroadcastnetwork.com,conspiracy,clickbait,,,truthbroadcastnetwork,,FALSE,
truthfeed.com,hate,bias,conspiracy,,,, ,
truthfrequencyradio.com,conspiracy, ,,,truthfrequencyradio,,FALSE,
truthkings.com,bias,conspiracy,junksci,,truthkings,,FALSE,
truthrevolt.org,bias,hate,,,,,,
twitchy.com,clickbait,rumor,,,twitchy,,FALSE,
ufoholic.com,conspiracy,,,,ufoholic,,FALSE,
unclesamsmisguidedchildren.com,bias,,,,,,,
unconfirmedsources.com,satire,,,,unconfirmedsources,,FALSE,
undergroundworldnews.com,fake,conspiracy,bias,,undergroundworldnews,,FALSE,
unitedmediapublishing.com,fake,,,,,, ,
universepolitics.com,fake,,,http://www.politifact.com/punditfact/statements/2017/jan/03/universe-politics/fake-news-michigan-gop-elector-didnt-choose-suicid/,universepolitics,,FALSE,
unz.com,bias,,,,unz,,FALSE,
us.blastingnews.com,satire,unreliable,,,usblastingnews,,FALSE,
usa2016elections.com,fake,,,no longer being updated,usa2016elections,,FALSE,
usadailypolitics.com,fake,,,,usadailypolitics,,FALSE,
usadailytime.com,fake,,,"no satire disclaimer, http://usadailytime.com/breaking-mexico-closes-borders-usa-citizens/",usadailytime,,FALSE,
usahitman.com,fake,conspiracy,,,usahitman,,FALSE,
usainfobox.com,fake,,,"can't find satire disclaimer, patently false",usainfobox,,FALSE,
usamagazinestudio.com,fake,,,,usamagazinestudio,,FALSE,
usanewsflash.com,fake,bias,clickbait,,,,,
usanewsinsider.com,fake,bias,clickbait,,usanewsinsider,,FALSE,
usanewspolitics.com,fake,,,,usanewspolitics,,FALSE,
usaonlinepolitics.com,fake,clickbait,,no longer being updated,usaonlinepolitics,,FALSE,
usaphase.com,fake,bias,,,usaphase,,FALSE,
usapoliticsdaily.com,unknown,,,redirects to huffington post,usapoliticsdaily,,FALSE,
usapoliticsnow.com,fake,bias,,,usapoliticsnow,,FALSE,
usapoliticstoday.com,bias,unreliable,,,,, ,
usapoliticus.com,unknown,,,website  down,usapoliticus,,FALSE,
usascan.com,unknown,,,website  down,usascan,,FALSE,
usasupreme.com,fake, ,,,usasupreme,,FALSE,
usatoday.com.co,fake,,,,,,,
usatwentyfour.com,fake,,,,usatwentyfour,,FALSE,
USAWatchdog.com,bias,,,,,,,
uschronicle.com,bias,conspiracy,hate,,,,,
usconservativetoday.com,fake,,,,,,,
usdefensewatch.com,unreliable,,,,,, ,
usfanzone.com,fake,bias,,,usfanzone,,FALSE,
ushealthyadvisor.com,fake,conspiracy,junksci,,,,,
usherald.com,bias,conspiracy,unreliable,,,, ,
uslifetoday.com,clickbait,,,doesn't appear to be currently updated,uslifetoday,,FALSE,
uspoliticslive.com,fake,bias,conspiracy,,uspoliticslive,,FALSE,
usuncut.com,clickbait,bias,unreliable,,usuncut,,FALSE,
usviewer.com,unreliable,fake, ,"basically copy/pastes parts of actual reuters stories, no authors listed or publication info",usviewer,,FALSE,
vdare.com,bias,hate,,,vdare,,FALSE,
veteransnewsnow.com,unreliable,political,,"I read sample articles and didn't find inaccuracy, but the language is strong/loaded",veteransnewsnow,,FALSE,
veteranstoday.com,bias,unreliable,,,veteranstoday,,FALSE,
vigilantcitizen.com,fake,conspiracy,,,vigilantcitizen,,FALSE,
viralliberty.com,fake,bias,clickbait,,viralliberty,,FALSE,
viraltube.nl,clickbait,,,,viraltube,,FALSE,
wakeupthesheep.com,conspiracy,,,,wakeupthesheep,,FALSE,
wakingtimes.com,junksci,,,,wakingtimes,,FALSE,
wakingupwisconsin.com,conspiracy, ,,,wakingupwisconsin,,FALSE,
WallStreetOnParade.com,unreliable,,,mostly linking/commenting on both news and other sources.,,,,
washingtonexaminer.com,political,unreliable, ,,,,,
washingtonsblog.com,bias,conspiracy,satire,Site notes it sometimes contains parody,washingtonsblog,,FALSE,
waterfordwhispersnews.com,satire,,,,waterfordwhispersnews,,FALSE,
wealthcycles.com,unknown,,, ,,,,
wealthwire.com,unknown,,,,,,,
wearechange.org,bias,conspiracy,,,wearechange,,FALSE,
weaselzippers.us,unreliable,bias,,copies/pastes quotes/bits from news orgs and other questionable sites,,,,
webdaily.com,fake,conspiracy,bias,,,,,
weeklystandard.com,political,bias,,,,,,
weeklyworldnews.com,fake,rumor,clickbait,pretty well known tabloid/fake news source,weeklyworldnews,,FALSE,
weshapelife.org,conspiracy,junksci,,,weshapelife,,FALSE,
westernjournalism.com,bias,clickbait,,,westernjournalism,,FALSE,
whatdoesitmean.com,conspiracy,,,,whatdoesitmean,,FALSE,
whatreallyhappened.com,conspiracy,rumor,,,whatreallyhappened,,FALSE,
whitepower.com,hate,conspiracy,bias,,,,,
whowhatwhy.com,unreliable,,,,,,,
whowhatwhy.org,conspiracy,,,9/11 = FBI coverup,,,,
whydontyoutrythis.com,junksci,rumor,,,whydontyoutrythis,,FALSE,
wideawakeamerica.com,unknown,,,,,,,
WideAwakeNews.com,unknown,,,now leads to a website about pizza,,,,
wikileaks.com,unreliable, , ,https://www.nytimes.com/2017/03/09/opinion/the-truth-about-the-wikileaks-cia-cache.html?_r=0,wikileaks,,FALSE,
wikileaks.org,unreliable, ,,Increasingly wikileaks is being accused of spreading misinformation,wikileaks,,FALSE, 
wikispooks.com,conspiracy,,,,wikispooks,,FALSE,
WilliamBanzai7.blogspot.com,satire,,,,,,,
Willyloman.wordpress.com,conspiracy,,,,,, ,
winkprogress.com,satire,,,,winkprogress,,FALSE,
winningdemocrats.com,bias,unreliable, ,,winningdemocrats,,FALSE,
witscience.org,satire,,,,witscience,,FALSE,
wnd.com,bias,clickbait,unreliable,,wnd,,FALSE,
WolfStreet.com,unreliable,,,,,,,
wonkie.com,satire,,,,,,,
world24monitor.com,unknown,,,"As far as I can tell, one person just writes up new versions of actual news stories. ",world24monitor,,FALSE,
worldcallyoutoday.com,unknown,,,seems like the beginnings of a website?,worldcallyoutoday,,FALSE,
worlddaily.info,unknown,,,website down,worlddaily,,FALSE,
worldnewsdailyreport.com,satire,,,,worldnewsdailyreport,,FALSE,
worldnewspolitics.com,bias,,,,worldnewspolitics,,FALSE,
worldpoliticsus.com,fake,,,website down,worldpoliticsus,,FALSE,
worldrumor.com,fake,,,no longer being updated?,worldrumor,,FALSE,
worldstoriestoday.com,fake,,,no longer being updated?,worldstoriestoday,,FALSE,
worldtruth.tv,conspiracy,junksci,,,worldtruth,,FALSE,
worldwidehealthy.com,junksci,clickbait,,,worldwidehealthy,,FALSE,
wtoe5news.com,fake,satire,,https://web.archive.org/web/20161115024211/http://wtoe5news.com/us-election/pope-francis-shocks-world-endorses-donald-trump-for-president-releases-statement/,,,,
wundergroundmusic.com,satire,,,,wundergroundmusic,,FALSE,
www.rt.com,state,,,,www,,FALSE,
X22Report.com,conspiracy,,,website down,,,,
yellowhammernews.com,political,,,,,,,
yesimright.com,fake,bias,,,,,,
Youngcons.com,bias,unreliable,,,,, ,
yourfunpage.com,fake,,,mostly links to rando YT videos,yourfunpage,,FALSE,
yournationnews.com,clickbait,,,,,,,
YourNewsline.wordpress.com,unknown,,,website down,,,,
yournewswire.com,clickbait,junksci,,,yournewswire,,FALSE,
zaytung.com,unknown,,,in Turkish,zaytung,,FALSE,
Zengardner.com,unknown,,,website down,,,,
zerohedge.com,conspiracy,,,,zerohedge,,FALSE,
zootfeed.com,conspiracy,,,,,,,